Gift to Tech Top 8 Voting Spring 2019 - GTT Top 7 19-20 - select project,Gift to Tech Top 7 Voting Spring 2019 - GTT Top 7 19-20 - second choice,Gift to Tech Top 7 Voting Spring 2019 - GTT Top 7 19-20 - third choice
STAR (Students’ Temporary Assistance and Resources): Klemis Kitchen,,
Alternative Service Breaks,,
Collegiate Recovery Program,,
STAR (Students’ Temporary Assistance and Resources): Klemis Kitchen,,
Center for Serve-Learn-Sustain,,
Center for Serve-Learn-Sustain,,
Center for Serve-Learn-Sustain,,
Center for the Study of Women Science and Technology,,
Center for Serve-Learn-Sustain,Center for Serve-Learn-Sustain,Center for Serve-Learn-Sustain
Center for Serve-Learn-Sustain,Center for Serve-Learn-Sustain,Center for the Study of Women Science and Technology